{
    "avg_accuracy": 0.9408499025944353,
    "accuracy_std": 0.00262026124399291,
    "avg_recall": 0.7714480674908588,
    "recall_std": 0.012571000844922499,
    "avg_f1": 0.8353224906399899,
    "f1_std": 0.009202523984313303
}